time_bin,CoM_Success_Push_Easy_mean,CoM_Success_Push_Easy_std,CoM_Success_Push_Mid_mean,CoM_Success_Push_Mid_std,CoM_Success_Push_Hard_mean,CoM_Success_Push_Hard_std,CoM_Success_Pull_Easy_mean,CoM_Success_Pull_Easy_std,CoM_Success_Pull_Mid_mean,CoM_Success_Pull_Mid_std,CoM_Success_Pull_Hard_mean,CoM_Success_Pull_Hard_std,CoM_Fail_Push_Easy_mean,CoM_Fail_Push_Easy_std,CoM_Fail_Push_Mid_mean,CoM_Fail_Push_Mid_std,CoM_Fail_Push_Hard_mean,CoM_Fail_Push_Hard_std,CoM_Fail_Pull_Easy_mean,CoM_Fail_Pull_Easy_std,CoM_Fail_Pull_Mid_mean,CoM_Fail_Pull_Mid_std,CoM_Fail_Pull_Hard_mean,CoM_Fail_Pull_Hard_std,No_CoM_Success_Push_Easy_mean,No_CoM_Success_Push_Easy_std,No_CoM_Success_Push_Mid_mean,No_CoM_Success_Push_Mid_std,No_CoM_Success_Push_Hard_mean,No_CoM_Success_Push_Hard_std,No_CoM_Success_Pull_Easy_mean,No_CoM_Success_Pull_Easy_std,No_CoM_Success_Pull_Mid_mean,No_CoM_Success_Pull_Mid_std,No_CoM_Success_Pull_Hard_mean,No_CoM_Success_Pull_Hard_std,No_CoM_Fail_Push_Easy_mean,No_CoM_Fail_Push_Easy_std,No_CoM_Fail_Push_Mid_mean,No_CoM_Fail_Push_Mid_std,No_CoM_Fail_Push_Hard_mean,No_CoM_Fail_Push_Hard_std,No_CoM_Fail_Pull_Easy_mean,No_CoM_Fail_Pull_Easy_std,No_CoM_Fail_Pull_Mid_mean,No_CoM_Fail_Pull_Mid_std,No_CoM_Fail_Pull_Hard_mean,No_CoM_Fail_Pull_Hard_std
0.0,0.043369079968944096,0.7101379278156864,-0.044728053435114504,0.7294171325750729,-0.06510416666666667,0.8041563781185534,0.0020081635567402896,0.7641119505249705,0.013463637408088236,0.7118574868738791,-0.06423899501661129,0.7616301479424173,-0.0015153556034482759,0.7545765292435623,-0.022579479768786128,0.7692124505533444,-0.010240549012158054,0.8109679212052019,0.10500672043010753,0.6993556812915624,0.09392233455882353,0.7514140685596612,0.08043323863636363,0.7373461551326155,0.05469788896276596,0.7577935377810436,0.008947814039408867,0.7910152612753527,-0.003967974040632054,0.7900456692273431,-0.015377688717532468,0.7664076238994161,0.0067459909539473685,0.7566402644651322,-0.06676498724489796,0.7351399363519141,-0.10269007731958762,0.7888892375739163,-0.057385631443298966,0.6667844415960051,-0.2961881868131868,0.8176277978782511,0.3602074795081967,0.5057239275078171,0.146484375,0.6550980402831416,0.05247201492537314,0.6202769816117051
32.0,0.05375573394495413,0.752430247352669,-0.039501404494382025,0.7096848252576298,0.05450581395348837,0.7888575626208815,-0.014671361502347418,0.7805185507895099,0.007609577922077922,0.7237970842532384,-0.002107688848920863,0.7334795376914223,0.013438933486238532,0.7697219280135782,-0.023829994019138757,0.7996535105624938,-0.018121778350515465,0.9329565932773866,0.08267829754601227,0.6777631447195541,0.03424310064935065,0.7776139334112652,0.034677933673469385,0.7580448591244633,0.08443790110851809,0.8495415688935444,0.05992542613636364,0.8111846070077484,0.006583567415730337,0.8682257388584569,-0.055536142172523964,0.8256681403279282,0.0,0.7971733461081026,-0.05279386104060914,0.793391421716246,-0.10463169642857142,0.8084867676969055,0.060804834905660375,0.7021818215967227,-0.2007378472222222,0.7902763555950435,0.29296875,0.4842151585203148,0.15345982142857142,0.6591409338806655,-0.03551136363636364,0.7015881938597005
64.0,0.0514060073757764,0.7635121947305347,-0.047084263392857144,0.7480133313380558,-0.15625,0.9429935644504776,-0.03640842770034843,0.7910347189202965,-0.028722426470588234,0.7618783574806708,-0.06935009057971014,0.8527766373327494,0.04283977004716981,0.775375546760863,-0.04402998554913295,0.8046014903651141,-0.07025947398190045,0.9446082678799904,0.09047564338235294,0.6910745159621406,0.09251644736842106,0.8496523552488495,0.16785477453580902,0.9291849111119855,0.40439901941362916,1.24682760909957,0.2625582510964912,1.1913180615498415,0.23316895368782162,1.2089607255431052,-0.2644824604743083,1.0467254617123853,-0.26724466463414637,1.1137268254538906,-0.3151633522727273,1.014273696674447,0.06510416666666667,0.8333283186927317,0.1444212147887324,0.8911992421127138,-0.016505281690140844,0.981570017993022,0.3311820652173913,0.49645001222675544,0.08680555555555555,0.6740476434281019,-0.14322916666666666,0.771647305508165
96.0,0.06268168604651163,0.7729248569651653,-0.015980113636363636,0.8205514245120801,-0.27713260135135137,1.0798622754780898,-0.08336230240046838,0.8128164013795134,-0.04841780462184874,0.8037164587429018,-0.012799605582524272,1.0232154075954563,0.049867021276595744,0.8152468525688354,-0.08611761527377522,0.892075473000304,-0.15883043849658315,1.1442054610303725,0.11112607758620689,0.7431606869739749,0.14196723568281938,1.0063610883275678,0.2767356530343008,1.2431288661903976,0.7039322072528363,1.7269463200708997,0.5333870515695067,1.638116751608008,0.40474602569686413,1.4534716999132318,-0.47978601356743816,1.2270157947499363,-0.4544399752475248,1.2575938918841707,-0.5310370528109029,1.2543035927906865,0.2247431506849315,1.0060496301898463,0.3611943493150685,1.1362594756277962,0.31808035714285715,1.2265835169501365,0.2992021276595745,0.5092330019655943,-0.08370535714285714,0.8280925350217689,-0.24201766304347827,0.957438425471828
128.0,0.08729646060842433,0.814939671659831,0.024560254491017963,1.0763942153790402,-0.28505067567567566,1.1536463921261473,-0.10248730123674912,0.8414346893234005,-0.04009907472067039,0.863074834556016,0.0774676983173077,1.158075298231836,0.03270672505938242,0.8607871170725744,-0.15026190902578795,1.019140818413854,-0.21117884725400457,1.265246514817174,0.18129254331683167,0.8494179901295608,0.19185564159292035,1.1397082089245065,0.3982791385135135,1.3718744428444263,0.803684543918919,1.742306204390773,0.5895377304147466,1.6814820677101967,0.6088338143872114,1.7024011300572273,-0.682255993150685,1.394988790046739,-0.6350109924623115,1.4254438879145759,-0.7074991861979166,1.3668385883816765,0.4167583626760563,1.223735936369896,0.5529269366197183,1.4046353870531825,0.5859375,1.508767420499596,0.3248131793478261,0.5138918732993397,-0.12122844827586207,0.9248498288114888,-0.3595525568181818,1.0831160522612118
160.0,0.1474027723354232,0.9712855641708777,0.030368711890243903,1.0780826550832203,-0.13856630067567569,1.4987432673208918,-0.09879178779069768,0.8997595090666055,-0.016276041666666668,0.9268212169100111,0.15559584330143542,1.3086279219186767,0.02068014705882353,0.9185358168290307,-0.18035359465317918,1.1065653636129011,-0.2745730377906977,1.4004864186247665,0.30025652985074625,1.0471072858089838,0.3815104166666667,1.3631494796472814,0.6803919057377049,1.724995755262737,1.0184772929652717,1.8507102134422528,0.7653926346463023,1.763371460348,0.8342530204460966,1.7148936327429096,-0.8179119199414716,1.4541687316164984,-0.7508269685886403,1.5004244058006782,-0.9154620655080213,1.4644913916238522,0.48300253378378377,1.2979635147226092,0.7014744718309859,1.5694868428912188,0.6973481514084507,1.6193864529311166,0.2992021276595745,0.5201091784264974,-0.146484375,0.927374519024087,-0.28659986413043476,1.0120300152266233
192.0,0.200042724609375,1.1393654787849496,0.060369318181818184,1.202511781988707,0.024079623287671232,1.9147558238987312,-0.10207970383275261,0.9926747755723008,0.018717447916666668,1.0330309417034573,0.18082760167464115,1.4288188691801536,-0.01574364778037383,0.9846919498004443,-0.23129111842105263,1.2207756227024784,-0.35406175947867297,1.4636358372296638,0.45525045955882354,1.1919806644354871,0.5276088800904978,1.3195780084784106,0.9611725465616046,1.9052991663124006,1.3483220880681819,2.04617336056658,1.1243533131270902,1.9790816726329459,1.2997263331702544,2.0646720902824303,-1.0302609494884911,1.570448548418747,-0.8934766318827708,1.4669590761926208,-1.19870364010989,1.6713533917670473,0.6062825520833334,1.412602554434405,0.8463541666666666,1.5990377514551632,0.7262323943661971,1.6007228780294853,0.31790226063829785,0.521329019863799,-0.0707165948275862,0.7118562432333833,-0.1864346590909091,0.9266443790496437
224.0,0.1694164337060703,1.0308946833330022,0.10372185559006211,1.2525955642380697,-0.03301056338028169,1.4893727233525222,-0.09051628832547169,1.068619960941527,0.04032435042134831,1.2373322726573552,0.13944185697115385,1.742160249677154,-0.0634765625,1.055177156641394,-0.26498367537313433,1.2228413808104934,-0.5688298357664233,1.6790294991076422,0.6606744260204082,1.44125308491469,0.8994414427570093,1.5574993994242767,1.3873197115384615,2.1680300333748037,1.608861019736842,2.071633171135987,1.5625,2.174593037709964,1.7855940193965518,2.455302012304573,-1.33936119251578,1.6910944308987887,-1.2475676696096654,1.7146878975836561,-1.5226364135742188,1.8846730172093897,0.7282366071428571,1.466747113575303,0.9036641725352113,1.638490978125759,0.5398995535714286,1.651744781186753,0.3125,0.5089721243859908,0.045072115384615384,0.7161503860577897,0.10416666666666667,1.3029634217940964
256.0,0.2049845247603834,1.1621987191556398,0.09028596698113207,1.320088728276065,0.020926339285714284,1.5065574186973691,-0.09375,1.2061805914235328,0.105272893454039,1.4008116379123818,0.24245689655172414,1.9324777115536051,-0.1600541864608076,1.1705093529648019,-0.39886106927710846,1.3711818891405811,-0.7907241138059702,1.7517490352184157,0.8298302664974619,1.5812161419601334,1.3070913461538463,1.8474840158636716,1.545109160958904,2.123495319316119,1.932182661983945,2.2852955279636413,1.7513542710420842,2.2489856714396588,1.875,2.4593880785191,-1.6605279198382492,1.970758348875727,-1.6235115449709865,1.9622598722137135,-1.7174030172413792,1.9783701454474851,0.7080078125,1.4584339293919262,0.8500220070422535,1.7169889363245123,0.3133138020833333,1.9914630709472554,0.3054355053191489,0.5181974275685858,0.13020833333333334,0.9487475088567553,0.22638494318181818,1.6119333186833105
288.0,0.17203125,1.139350717952927,0.09456586234177215,1.5092429091418993,0.06368885869565218,1.5354120708625725,-0.0928840137067938,1.3025780115222476,0.1195113314447592,1.6900082205041196,0.47496448863636365,1.8726133358359467,-0.27139622921615203,1.2812323491014415,-0.6418678977272727,1.6070093846295166,-1.087845203488372,1.9861803741096444,0.933837890625,1.6997489095258271,1.5955528846153846,2.069912385307271,1.6907204198473282,2.178251478122497,1.8785392197986577,2.1516521830916666,1.7988012471330275,2.253379020676791,1.6356684290030212,2.169507744741727,-1.6549451374066169,1.9274025780446236,-1.7609694908405173,1.9991462477810578,-1.8222936602870814,2.1094955639761683,0.7592429577464789,1.4459530794839501,0.67138671875,1.7724941864642791,0.20926339285714285,2.284155983799456,0.31844429347826086,0.516105980378388,0.2387152777777778,1.3102893960523574,0.05580357142857143,1.353017346029571
320.0,0.17995973460291734,1.2872471637558054,0.0,1.4297653466430769,0.1005713619402985,1.495204054567997,-0.13237589179548157,1.4752109299395453,0.1620142371060172,1.7896737953889776,0.5694110576923077,1.9689353762537571,-0.37859488224637683,1.3536997152636248,-0.78826904296875,1.7236819783605732,-1.2561648917597765,2.161529684826599,0.8772603581460674,1.6273108863294266,1.5709186422413792,2.024385677244751,1.697944972826087,2.1428725401322,1.808665754608295,2.0884689143402473,1.8077940452755905,2.245608750836206,1.6364110659246576,2.2673015721031975,-1.6938025210084033,1.9147839755368048,-1.7971560251798562,1.960905082093083,-1.6942286229395604,1.9489148512482335,0.722106073943662,1.3961261787391948,0.4167583626760563,1.8513492323149736,-0.0811298076923077,2.4964240982813677,0.299072265625,0.5215970655605469,0.07887620192307693,1.113459152030592,-0.0857469512195122,0.965561849745438
352.0,0.17911585365853658,1.4558515122971092,0.051364650974025976,1.6657672793553076,0.36190257352941174,1.7882435052959138,-0.17306923721071862,1.5354036541593041,0.27654867256637167,1.7454853262877528,0.6517379679144385,1.8228384012878214,-0.563182645631068,1.5666942951729286,-0.9721235795454546,1.8754545908373428,-1.2451171875,2.241290320438985,0.7454234467455622,1.4762940385078211,1.5264231687898089,2.0540066944956106,1.7129560406698565,2.0575209799112826,1.7644246419270833,2.101885573304785,1.6783932605421688,2.2324384856791952,1.4706336462450593,2.1704324152460557,-1.667906746031746,1.8748788625064925,-1.8668796705163044,2.019002820553514,-1.759598894817073,2.050716473629748,0.62255859375,1.430132447654758,0.146484375,1.9329052730988312,-0.15811011904761904,2.657546163790614,0.3116688829787234,0.5233810554276097,0.09014423076923077,1.2750550133069294,-0.07860137195121951,0.9957153827653812
384.0,0.35796824758842444,2.1866134406585243,0.6207275390625,3.1329426503948303,1.3604987157534247,3.809335446802102,-0.4931466859430605,2.2023150803022333,-0.18650968309859156,2.5928650298168927,-0.1574160447761194,3.387051374164087,-0.8000300480769231,1.8172740269010808,-1.575277453271028,2.486105122557877,-2.6485003351206435,3.498071200027003,1.2100883152173914,2.1004788566604913,2.819430443548387,3.1272830621896803,4.111878301056338,3.9100734198370604,5.045813788319239,4.5711345513127855,4.635247056613227,4.546830784217107,5.141735951834862,4.741778323330268,-3.790480863591757,3.7373201946664802,-4.014976594129554,3.8134783869217737,-4.266747007978723,3.886612821899169,0.5106026785714286,1.630559880924783,-0.059442934782608696,1.9430618363303414,-0.87890625,3.559454608770164,0.29296875,0.5183506271070603,0.23235452586206898,1.7844303570323174,0.4166666666666667,2.469774812690319
416.0,0.9291551014548239,3.2340898161480585,1.3150301846590908,3.88881289105694,2.0389041385135136,4.527093917958823,-1.0735452586206897,2.953760966116549,-1.0170541158536586,3.708246371682072,-1.2785318260368663,4.5536967151972005,-1.178883821770335,2.1632564933416103,-2.4117316988950277,2.9697678845463362,-4.549820696721311,3.8009112834716805,2.2044913116591927,2.6873780383957797,4.449398189045937,3.360754615815471,6.294949719959267,4.034143712687587,7.2105394537996546,4.454407347081327,6.892966177277716,4.649994795023835,7.270335338002436,4.585768770763156,-5.891468883873929,3.8846636107104695,-5.969564008894536,3.8974249364736564,-6.272782353404792,3.9377225334829196,0.3259793133802817,1.794093561151347,-1.15234375,3.0882452402121476,-2.7118389423076925,4.551757192842147,0.2996271306818182,0.5266947176490957,0.5746694711538461,2.2118357072691954,1.4025099734042554,3.5567483646734273
448.0,1.1239985476011993,3.563959339320784,1.3949307528409092,4.025155906430246,2.724609375,4.890855717173879,-1.5283909204671857,3.385585875144918,-1.4694574311023623,3.9484166280338453,-1.9846688329646018,4.959918200466017,-1.44513123549884,2.389507600282698,-2.8497869318181817,3.1324676238502414,-4.999966670221843,3.7716520094501416,2.3697092563291138,2.786477120522918,4.765498173701299,3.262454862567031,6.6431198677007295,3.9468458912729485,7.474982781266017,4.370181607458415,7.156401699029126,4.465749435263235,7.56453710722161,4.49847859149412,-6.224471382472826,3.726225680638866,-6.392643960674158,3.743834894967462,-6.7213729536625975,3.778564999110563,0.2207298801369863,1.8738684876203964,-1.2613932291666667,3.1982330003866273,-3.5939771075581395,4.514207831931521,0.274658203125,0.5282649658103907,0.646551724137931,2.329817831164989,1.6143176020408163,3.6942546446406928
480.0,1.2180186664190193,3.7737466539306745,1.6574130969101124,4.206051179140964,2.988978794642857,4.911320624584103,-1.962319906655844,3.678350191868319,-1.8602756638601037,4.145511105700658,-2.4979440789473686,5.247520076112247,-1.7267605126728112,2.566550820367937,-3.2527608082706765,3.1393634766506833,-5.294874237804878,3.6861968787831882,2.540283203125,2.8396152213973616,4.850157728706624,3.212961051274652,6.6998675152972025,3.8361640957600613,7.4911479177088545,4.267501797380152,7.162949036214953,4.391915721135232,7.619977678571429,4.372159378111442,-6.354445187165775,3.649943154469329,-6.571190021810251,3.6275023674638907,-6.863200313522356,3.679738221900332,-0.09358723958333333,2.3093660956830173,-1.5706380208333333,3.5246588225112596,-4.212688577586207,4.668777629765268,0.26180186170212766,0.5639802861949763,0.5764868951612904,2.26236110404362,1.65234375,3.678638558165438
512.0,1.4001180959302326,3.9733049147114903,2.0022142379679146,4.468456925393609,3.0845905172413794,4.795239207397737,-2.187881718241042,3.789824262999851,-2.3064630681818183,4.486264934676785,-3.0183167016806722,5.370145821556175,-1.9578572411894273,2.6774827183285423,-3.604487559241706,3.1528871473859286,-5.453289075121163,3.6124750126461915,2.667557565789474,2.9020023328323705,4.961596529907975,3.156359448377679,6.732734509466437,3.8465756181783153,7.56624261751096,4.23205542684565,7.257118603471596,4.334181885688638,7.631590775366109,4.322874653958716,-6.485615079365079,3.585473628431694,-6.681306455897981,3.5087279012229584,-6.988896908967392,3.6304507885181594,-0.37610853040540543,2.569884749815381,-2.3988970588235294,3.8127483450468804,-4.681199596774194,4.5248547870816,0.26180186170212766,0.5672790603228414,0.6364493534482759,2.3280931493868424,1.7458545918367347,3.6956274613757225
544.0,1.4525483900144718,4.067297045818129,2.107833059210526,4.500862782477336,3.400412570224719,4.914747348896842,-2.5708314265167362,3.9109048511508577,-2.851467688106796,4.589319670494459,-3.4730776711618256,5.534445050379908,-2.3468274028361344,2.7729977851096024,-3.929418999445676,3.115442246249408,-5.711546731651376,3.5010789385051604,2.5586737961065573,2.892418500007332,5.025809151785714,3.1004052133277558,6.734957455429497,3.709607014759538,7.553005488668555,4.1687842616094475,7.232746536939314,4.2481550123018055,7.6877500952743905,4.269453209228137,-6.610069976993865,3.508946252797007,-6.854989945097038,3.459897671687559,-7.079168284161491,3.5356829111968353,-0.3599330357142857,2.626163688449682,-2.504185267857143,3.8926262227671873,-5.031813788659794,4.422722545035599,0.2547554347826087,0.5943686886751738,0.634765625,2.3120712352065595,1.7817283163265305,3.7278459052910895
576.0,1.4720513748191026,4.136602162346276,2.3590087890625,4.843537400535542,3.5660282258064515,4.890038235921504,-2.9275884403787105,4.036824782832705,-3.1862924473067915,4.616959795019024,-3.9097797439759034,5.561190342446812,-2.6074803517964074,2.8179576557609956,-4.108522880669547,3.0471438434570657,-5.858497848053892,3.4041592661057605,2.7007685981781377,2.91225965904348,5.08270711143695,3.071099092555106,6.7472448671497585,3.686550596134952,7.585343070652174,4.1481716827301245,7.295049808951965,4.241335947057607,7.6838795731707314,4.239706627818423,-6.679570663010967,3.4378913977440715,-6.893364910172065,3.374265374844306,-7.179070098784194,3.4841460377048965,-0.8827611019736842,2.892930913976198,-2.7998490767045454,3.9915733584153394,-5.390027104591836,4.271854002666737,0.2742686170212766,0.5903923360482299,0.6591796875,2.3661916587423115,1.6681281887755102,3.716973825416747
608.0,1.5422952586206897,4.207848477200911,2.3890544458762886,4.908078289945913,3.5904255319148937,4.920707818830567,-3.255012236445783,4.134156439056645,-3.4226831896551726,4.637922128498468,-4.336842422779923,5.545477718555956,-2.7992876838235294,2.851102213737238,-4.263578482328482,2.9664110143661344,-5.9876292551244505,3.336740818611688,2.733212425595238,2.9069356702989446,5.08244607300885,3.063201828868069,6.764657857717042,3.6756281310817127,7.617461815308989,4.15781024465299,7.320906929347826,4.2295745283366175,7.719683009167492,4.248081977362971,-6.745562637061403,3.3759961632321267,-6.954485862365064,3.313634962465463,-7.222404857673268,3.4476663956006606,-1.2942543512658229,3.122278382250273,-2.83203125,3.9668994914009814,-5.652225378787879,4.152969513336741,0.25390625,0.574506754652798,0.615234375,2.304720318202195,1.875,3.7349851870518584
640.0,1.6082290197461213,4.26894463157454,2.4826836340206184,4.950796460436683,3.601973684210526,4.9408712337588145,-3.487310465976331,4.201511347105222,-3.794428228021978,4.645506912150549,-4.575579353932584,5.475613961429137,-2.940351113505747,2.8453140808044166,-4.373562116564417,2.919358198246097,-6.114405350719425,3.254663713751985,2.7843940548780486,2.914551297373452,5.123218395892351,3.045509110964414,6.804315476190476,3.6406348893692573,7.650544651189921,4.139760422693581,7.327001700129534,4.194832379855709,7.7337948638613865,4.222858909770222,-6.806621681013579,3.3354219752816228,-7.0249802407587545,3.2816912316268128,-7.276679343841642,3.4000773006101386,-1.4240506329113924,3.114559931264334,-3.0391483516483517,3.885356317341845,-5.905330882352941,4.07427684390593,0.26180186170212766,0.5866823217602146,0.6263469827586207,2.3499205592359766,2.068014705882353,3.908871477902027
672.0,1.6981489202949438,4.38232402772262,2.598052823604061,4.944755755066227,3.5896381578947367,4.970369315590618,-3.7310679829817834,4.224348443078593,-3.9531757305194803,4.67265090569567,-4.901919157608695,5.465665458943407,-3.1118470364391144,2.844998849090967,-4.446509576612903,2.8885123544855915,-6.160318544054442,3.2308133390542886,2.755773779880478,2.9229150119917593,5.152355039739884,3.030693389958956,6.8050986842105265,3.6219004768774843,7.642167226598702,4.128243925880545,7.326239224137931,4.163707720502827,7.7408789643211104,4.208800503997356,-6.858741198242658,3.2886846209792715,-7.062496177837573,3.2538650603915773,-7.29724611287953,3.3805148095289392,-1.6649199695121952,3.1290250664991386,-3.1131953983516483,3.8087560942083347,-5.899586397058823,3.928434090259837,0.24933510638297873,0.6015830781242525,0.6061422413793104,2.3567029693732797,1.838235294117647,3.7399516396457306
704.0,1.7586308484636872,4.40918931058907,2.6157924107142856,4.975163322395577,3.578404017857143,4.97455789806842,-4.000717846315299,4.238719382786818,-4.210486778846154,4.683642370133742,-5.02999943794964,5.402852669579592,-3.192934782608696,2.824442377732786,-4.564418454142012,2.8408409274814637,-6.262506386239782,3.1108624084507825,2.85148468625498,2.920715688505296,5.187710848721591,3.025237260639789,6.806381630265211,3.591675544194255,7.668528337969402,4.1107136697761115,7.365747825386598,4.1601765695482245,7.740073213408644,4.187151595890571,-6.933778355387524,3.2507463271781143,-7.093191964285714,3.2274520836559484,-7.3602023392166345,3.366786475823819,-1.732494212962963,3.0953633803558547,-3.264054008152174,3.7632721639983755,-6.027560763888889,3.875343961480078,0.2547554347826087,0.5813908745542414,0.6277901785714286,2.397010782419267,1.904296875,3.7785067480274046
736.0,1.7926897321428572,4.407085101569443,2.77294921875,4.981627110550501,3.651538337628866,4.989268323522366,-4.175341260302198,4.265502616276352,-4.423828125,4.710174701334387,-5.222531582446808,5.3257848000101085,-3.279076026943463,2.7907459259266467,-4.6076516544117645,2.8165044755122612,-6.300022291100544,3.10729927029606,2.840523097826087,2.9253575015357582,5.196687940140845,3.033716332700539,6.858320251177394,3.53659959276831,7.693313238188976,4.0915974297321425,7.389517506404783,4.110806413780221,7.770362609329446,4.165840039521054,-6.959696691176471,3.221729723404933,-7.151113522835395,3.1643217733357467,-7.362617566747573,3.3335500009487253,-1.8482349537037037,3.151846118311987,-3.251631181318681,3.714290976822931,-6.08246129587156,3.8389173863118717,0.2547554347826087,0.5813908745542414,0.56640625,2.3461901360070705,1.8116230867346939,3.7664213498982564
768.0,1.8569648763927578,4.525614270220924,2.8845032649253732,4.997767761471276,3.6865234375,5.0739521379909105,-4.341502856182796,4.260068332981901,-4.532083650914634,4.639718840677494,-5.504353841145833,5.279560991444475,-3.3462849069148937,2.7710386843819057,-4.686373197115385,2.7800593051115987,-6.315061221965699,3.061132331803962,2.891624630905512,2.943130476208672,5.185712394067797,3.0259661781684377,6.8560121232612055,3.5343865738286873,7.684620013755159,4.082436805686026,7.410822687922297,4.097673780610288,7.774697580645161,4.146874105716842,-6.997763983688107,3.2020900149797074,-7.147394124882849,3.1693900530198134,-7.367261552132701,3.297742981936361,-2.0786830357142856,3.209511323748219,-3.4967237903225805,3.695156541604177,-6.1629011824324325,3.7898895900029865,0.25556848404255317,0.581516806885068,0.5758351293103449,2.3832848435072407,1.9155649038461537,3.7712757137230386
800.0,2.016172304258242,4.642653076568184,2.94580078125,4.9960063675324955,3.7286931818181817,5.054448406189892,-4.456031333038087,4.2200228968323845,-4.681605256539235,4.639368575018601,-5.687736742424242,5.138648936855741,-3.4324919871794872,2.758456265165881,-4.731276939655173,2.758352909665904,-6.3835743210078535,3.03379550664075,2.872946516798419,2.947970636358106,5.206965598739496,2.9976409888157782,6.9149639423076925,3.524784214133736,7.709065273668639,4.069758676340167,7.465159141084945,4.100988431861587,7.777838642408124,4.1393925637765205,-7.033118593394078,3.174170972539678,-7.173131353974122,3.1230741964631585,-7.4186259802756656,3.275050857417113,-2.2571910511363638,3.2347744005384036,-3.5660282258064515,3.6758718104489785,-6.201603982300885,3.7616024340315155,0.25390625,0.587931620909015,0.732421875,2.5210931092752404,1.9014246323529411,3.826298638647572
832.0,2.0499752837001375,4.606033926794279,3.05441676980198,5.015089104094822,3.730066043814433,4.984329605598532,-4.548671602787456,4.204485198505932,-4.7953125,4.602558535059921,-5.783607219827586,5.1412804200971625,-3.431409244337979,2.7628471765936,-4.783682193396227,2.7436484834948187,-6.413484743128272,3.014320323172939,2.917049632352941,2.946968145087643,5.241243131868132,2.965767804056327,6.918118990384615,3.4847570225670377,7.705158463779708,4.049396786590217,7.465609096692112,4.085297178942032,7.821239664396887,4.124820231484498,-7.047921925195044,3.1500760368134086,-7.183494996488764,3.099926599907258,-7.416152232986767,3.2612643015320137,-2.2926507994186047,3.251259632827002,-3.476991758241758,3.739152807273628,-6.202043805803571,3.719932725271684,0.2547554347826087,0.5975691050774552,0.5657327586206896,2.3915642369259804,1.8669577205882353,3.842231614777364
864.0,2.078108924897119,4.614873004133627,3.162042025862069,5.068306154138993,3.7904719716494846,4.969472874472267,-4.724214753836317,4.160019801094043,-4.925355816831683,4.574999309290925,-6.003473635993485,5.050951850159987,-3.503767917369309,2.7412394900736348,-4.824761284722222,2.7209352124735546,-6.449878246753247,2.970018131022723,2.89306640625,2.9674723329392836,5.28656775210084,2.9353308853540026,6.922394638761468,3.4396688107513924,7.736118063501144,4.030097550316562,7.482580236486487,4.069223430865297,7.847785949707031,4.090579261312218,-7.063610513807153,3.118460790397667,-7.195031422970479,3.071020950618154,-7.43020369611059,3.2208113615626983,-2.394261853448276,3.2773808770357395,-3.646187160326087,3.796405800305088,-6.214567201327434,3.699885655879247,0.24310172872340424,0.5773373683042928,0.5556303879310345,2.3946561118265537,1.7972506009615385,3.842261770299852
896.0,2.1477667839972527,4.653389531155304,3.2413258272058822,5.077873101119641,3.887121456185567,4.933667445398956,-4.789553685216653,4.159494260352885,-5.066132127192983,4.5686216225235325,-6.1215049342105265,5.073324472702731,-3.5293886325503356,2.7680778167341002,-4.841807665745856,2.737012895446778,-6.469128024193548,2.9570000546037267,2.959676427165354,2.9863062758188095,5.274240154109589,2.944339431638952,6.965052480916031,3.44317731021745,7.773851745825812,4.013526932517591,7.528119111180905,4.083531483286735,7.833630299707602,4.099050530270496,-7.069543970488467,3.104928592916504,-7.19656235756609,3.0522980434078355,-7.458687355990784,3.198455469333971,-2.4161692415730336,3.265434166305262,-3.7992436835106385,3.8010626842727917,-6.160121681415929,3.7226017011545576,0.24201766304347827,0.5869273794314105,0.5657327586206896,2.3915642369259804,1.8612132352941178,3.848420161551005
928.0,2.220204112293956,4.678493957305937,3.27954338592233,5.087314772501021,4.051254734848484,4.866989741763571,-4.875766830956376,4.178810323321606,-5.110741415513834,4.5384080175963915,-6.251842570754717,4.997952059262775,-3.601276993355482,2.738778704783585,-4.897220799180328,2.715256311502142,-6.4865703730620154,2.9298324623312064,2.9807867005813953,2.9845277192976485,5.285781688904494,2.95918120527594,6.960023652522936,3.416426104670765,7.764539436218679,3.9912934550494987,7.531207540760869,4.045066199817264,7.897689494680851,4.045450678747173,-7.093386873871841,3.0827187787359396,-7.223578559027778,3.0356661727394307,-7.461462923237477,3.152747618134092,-2.4721295646067416,3.2838038791628006,-3.717984858247423,3.791739116123615,-6.215122767857143,3.752537167313584,0.24201766304347827,0.5869273794314105,0.5556303879310345,2.4061493646637513,1.8085186298076923,3.8364284204863592
960.0,2.3548203441295548,4.717061729244187,3.466796875,5.101937352649232,4.071359536082475,4.823149503646347,-4.941668194677284,4.1598809907595165,-5.246025219298246,4.500177945625837,-6.413468070652174,4.985839783699184,-3.5674692195325544,2.7572388318553576,-4.923986486486487,2.6931794349030445,-6.495981997724317,2.924609502209601,3.0020813223938223,3.001159960929444,5.2996246508379885,2.9529481199491823,6.987635103383458,3.37811152821394,7.7976995940460085,3.976458984128113,7.531942412207358,4.03670108712392,7.91812818877551,4.044031310763636,-7.105252029769959,3.0771069185710274,-7.238524051645339,3.016875782989374,-7.456203746530989,3.1550879302591466,-2.5083391853932584,3.2509677321704142,-3.871372767857143,3.788035096670839,-6.193462171052632,3.7143676366794858,0.23063497340425532,0.5760982977654773,0.5556303879310345,2.4061493646637513,1.8612132352941178,3.8359102399220073
992.0,2.3501362397820165,4.710222587455162,3.4268892728365383,5.07142174360669,4.324914913366337,4.795057848633382,-5.00345628130217,4.159635208004933,-5.278587341308594,4.504790385880739,-6.478665865384615,4.956550098293221,-3.5955255681818183,2.746894060814613,-4.936734206384892,2.6831615552362993,-6.505563142673521,2.897405530954873,2.9285563465250966,3.0135942853641247,5.316780821917808,2.9550918328878164,7.00022456505295,3.3873793587752217,7.81153048849278,3.9675654398101847,7.529150146076795,4.017108459187707,7.905031432215743,4.039367250146235,-7.137398097826087,3.0641024831763337,-7.241475965961362,3.0077739752344743,-7.499019807156134,3.1468685053239662,-2.528447690217391,3.2645923744457366,-3.8116455078125,3.7577245860403106,-6.221861758474576,3.662320299635214,0.26749320652173914,0.6014422787125644,0.5556303879310345,2.4061493646637513,1.8841911764705883,3.8041988924844556
1024.0,2.5020159601206435,4.8100328435854935,3.5198505108173075,5.119232133107385,4.437614889705882,4.802372952578418,-5.095503826530612,4.150831016771985,-5.385097287735849,4.408502338926233,-6.48703560371517,4.925560882989508,-3.608798668032787,2.7281734352627445,-4.927345152603231,2.693675274017378,-6.520249236825193,2.885313742736944,2.928551962209302,3.0314837720887904,5.317826704545454,2.969265000469839,7.014973958333333,3.3630956679011863,7.807003813034669,3.964605791551016,7.568033310726211,4.011030057192918,7.9143575227055445,4.035149754625782,-7.135227748325893,3.0385636585574085,-7.235367571721311,2.9958140527950214,-7.5129242933271545,3.1059976338254955,-2.54125702247191,3.276316497682338,-3.8683832908163267,3.706023155393566,-6.278268914473684,3.715613223063355,0.22927989130434784,0.5589932584347896,0.595703125,2.3544383508720244,1.9416360294117647,3.7827976084425154
1056.0,2.554296875,4.8062446627628095,3.553654597355769,5.1204687413446655,4.420637376237623,4.801667366689781,-5.1760194359756095,4.154288634137189,-5.435075431034483,4.449891659457565,-6.578316717791411,4.9162057895469,-3.6283052884615383,2.712283193365182,-4.942186082123412,2.6946926681479577,-6.532076322115385,2.8636666420350325,2.950206712062257,3.0208928300137368,5.365287162162162,2.98231568117688,7.0219983552631575,3.3514133627253933,7.84467067091032,3.952115490255147,7.572998046875,4.0096514612723215,7.9344291907514455,4.0310424560914715,-7.152455807373375,3.03195977026141,-7.247234260948905,2.987186202504191,-7.530781970046083,3.08676637530586,-2.5455729166666665,3.257227399344988,-3.892299107142857,3.683761298439692,-6.287560096153846,3.654228817761944,0.26180186170212766,0.596147174662894,0.5440848214285714,2.435166878375984,2.0625,3.8435983357335974
1088.0,2.6831790629095673,4.843357735235187,3.6128184241706163,5.093291811229904,4.542437803398058,4.834354059645397,-5.204601753048781,4.137984393098134,-5.506939594972067,4.3969514971459125,-6.636186079545454,4.85183323576377,-3.6597313818993507,2.6996160729318794,-4.977329799107143,2.6885299243098872,-6.540461529204108,2.8537831338912527,2.9880567528735633,3.007729321655316,5.317583476027397,3.004419772908619,7.0378286395958085,3.3386750143397133,7.838780314036656,3.943517671515512,7.599754648760331,4.022016326650104,7.940102911041466,4.021552539476687,-7.152128854259095,3.013304853424293,-7.262275266560798,2.9788185974263377,-7.5700742259704255,3.099388687083514,-2.549793956043956,3.236386030304837,-3.9221938775510203,3.6730886447033098,-6.198601973684211,3.598599727734428,0.24201766304347827,0.5869273794314105,0.5078125,2.3812497083304875,1.9875919117647058,3.8717629739615416
1120.0,2.7619485294117645,4.856755433215987,3.6698190789473686,5.089555988472226,4.735389122596154,4.990933451350414,-5.263302619670153,4.121006486869906,-5.510786242951128,4.388841530385275,-6.713195240825688,4.824555475420576,-3.641592019543974,2.7057383629821956,-4.955836314847943,2.6926840044180502,-6.5389725863171355,2.8567196991743793,2.985328851744186,3.0192689810011406,5.352683145491803,2.9892105046699835,7.044907189849624,3.3387233886857266,7.8636012337735,3.925316676651475,7.5882553163900415,3.96508926268509,7.945120759143407,4.008961424880595,-7.178645833333333,3.0155037014771056,-7.261896306818182,2.9731665188764076,-7.562138376489459,3.0712528799202117,-2.5651041666666665,3.2627494870658538,-3.925183354591837,3.682978102662064,-6.333220108695652,3.6634110780072726,0.20570146276595744,0.6075586720543728,0.556640625,2.379280953747633,2.197265625,3.9589590674431983
1152.0,2.8363489515604683,4.876005510143329,3.6482900943396226,5.080557611626339,4.769193209134615,5.027588784830918,-5.298106079591019,4.093881410694047,-5.602279974489796,4.364659421640321,-6.767578125,4.753918598691201,-3.640567555147059,2.706771191092574,-4.97525578291815,2.6904486306073467,-6.5606219951923075,2.8516675771010145,2.9519664923954374,3.0043532342507913,5.3492740974114446,2.969299030740335,7.040418917660209,3.3411311906506467,7.898332399103139,3.9186101542212346,7.630020015495868,3.9652822816123314,7.957626737775647,3.9938662478623836,-7.1892716399336285,2.9940045844785868,-7.261591372282608,2.937321180130562,-7.561230199724518,3.0558744727907565,-2.5272578983516483,3.288464084043511,-3.925183354591837,3.6923361434805635,-6.311242055084746,3.5888646973509415,0.24201766304347827,0.5901681506078144,0.5354256465517241,2.418505975722358,2.287409855769231,3.9672561787849214
1184.0,2.8459275048955615,4.871590824484211,3.6628102571770333,5.103002878210811,4.854910714285714,5.08279464791276,-5.347438371513944,4.0608673893868605,-5.639784322820037,4.322517587914831,-6.847048091317365,4.697221564299933,-3.6742174837925448,2.699005064556666,-4.940920570603907,2.7270287060094747,-6.551065250318878,2.8447727131872482,3.0406951904296875,3.0052438846574576,5.35828637295082,2.96357622727145,7.080004919415292,3.3069827521431834,7.908452943313954,3.8993600974135423,7.62785854718543,3.947020872336083,7.999417979942693,3.9770742331835005,-7.197209176300578,2.9808639593702484,-7.290782099184782,2.9286198097300455,-7.5925051510989015,3.0475680583787836,-2.518214536516854,3.317127741505015,-3.9311623086734695,3.6815804382123605,-6.326609644396552,3.6208312451588713,0.23564877717391305,0.591186015491346,0.525323275862069,2.420166227513545,2.1809895833333335,3.932922279667921
1216.0,2.943313953488372,4.863195010025912,3.6578838641826925,5.110193018668521,4.885602678571429,5.118655594255101,-5.401596738047809,4.034114054470998,-5.721475789835165,4.280873808227095,-6.922036797337278,4.66874523305931,-3.6604474777147487,2.7124208548264637,-4.983075233540926,2.663217824032074,-6.548735357830552,2.8277067039123613,2.990534855769231,3.007208309946222,5.379608736376022,2.9640182857706976,7.044309528231798,3.3171180816976675,7.926176952599731,3.882455356495387,7.650221836419753,3.927273150819802,7.990975215517241,3.9637844871725307,-7.206048654015887,2.988476115546616,-7.286863900273224,2.922336022397846,-7.604077482876712,3.0283273310214374,-2.5083391853932584,3.322191834813816,-3.9777303479381443,3.6849471124983584,-6.327624198717949,3.5864819939929746,0.25390625,0.5711012311411502,0.5455280172413793,2.41806887789375,2.22766804245283,3.9516710512977613
1248.0,2.9829545454545454,4.8713634021988526,3.740558353080569,5.125961353894469,4.994158878504673,5.105767143959593,-5.478908096926714,4.004359181133303,-5.813032670454546,4.255915171469279,-6.948771994134898,4.65493883199202,-3.7017126425081432,2.6869868459992947,-4.989299368351064,2.6608772322844896,-6.582105796755725,2.808999767848962,3.000710227272727,3.0210809693933145,5.384590955284553,2.951297181273541,7.0526123046875,3.3125832144469283,7.940328243423986,3.871734275029921,7.652334120788825,3.9129905398824483,8.012681267976989,3.9433432938836197,-7.210207552886734,2.966703656422925,-7.478468244609164,6.38834153739044,-7.608382428278689,3.0097801406917277,-2.546574519230769,3.3113079611441556,-3.9873046875,3.652988167429578,-6.42561712184874,3.6193506984179558,0.2181682180851064,0.5905940301847458,0.5354256465517241,2.4324081797045256,2.22766804245283,3.950835574535178
1280.0,3.0088271103896105,4.85305964489692,3.814121462264151,5.13500689240271,4.92519162735849,5.069873297769181,-5.510702565632458,4.012436603469691,-5.811608355978261,4.225058638671379,-6.990010997067449,4.642999960027318,-3.7077513254486134,2.694081419724021,-5.003761318462898,2.650464901686461,-6.594763647151899,2.7788645052440852,3.0352011494252875,3.021445372126073,5.384893002717392,2.9519839967254535,7.084437779017857,3.2867345104032917,7.951265541740675,3.8446879440677297,7.660795512952302,3.9040978807148723,8.049798170877025,3.9614268750272323,-7.206877191060474,2.966040786864262,-7.286236400725294,2.8948459466312664,-7.625177556818182,2.9963098929998826,-2.553013392857143,3.320681767806318,-3.9987117686170213,3.6979926576949564,-6.367019127155173,3.620497160627474,0.22927989130434784,0.5856543700003813,0.5051185344827587,2.4284069333870804,2.218967013888889,3.9275389379148846
1312.0,3.097747093023256,4.842315846030473,3.823794958726415,5.119317924340122,5.041852678571429,5.066830997622495,-5.573924110614308,3.979515094906753,-5.914404908318426,4.241375108223151,-7.009042456268221,4.598912261117502,-3.712052661092985,2.691661330859229,-5.005876659292035,2.645613737603585,-6.591611216730038,2.7535021915486384,3.066703303231939,3.0248374459607166,5.391261888586956,2.9432459748050177,7.118184347181009,3.2871047118021406,7.971902442752334,3.841424760360955,7.652786330049261,3.8761492104873008,8.057479276001908,3.9552049881263036,-7.2207802220394735,2.9446690076706665,-7.309715346534653,2.9050680779040334,-7.6289382976299,2.9812548004266346,-2.5626717032967035,3.320195714453905,-3.9626288659793816,3.711120468488961,-6.361607142857143,3.5911881676475437,0.19743546195652173,0.608467710950377,0.5152209051724138,2.430625829203494,2.2894965277777777,3.9466543687197295
1344.0,3.189518396529563,4.869908363508156,3.871863996478873,5.145754950019503,5.124189268867925,5.05536278209493,-5.617907310138782,3.964059267195679,-5.958428834973167,4.219884109554434,-7.0822010869565215,4.559592166371355,-3.747164818548387,2.676795119493985,-5.01521017699115,2.639229803684794,-6.605960758587786,2.7457961350727897,3.0209585336538463,3.016614589971069,5.400710809426229,2.9457737241589377,7.108392659023669,3.2527815858800015,7.988858485884429,3.8281427886190675,7.677074816026165,3.8879967652270473,8.084475467850288,3.9299913507741446,-7.235869166122716,2.939860700531878,-7.491930833708371,6.376792359742208,-7.644520635190218,2.9721876024645666,-2.5906337780898876,3.311589329733503,-4.086766098484849,3.6816975498160063,-6.335136217948718,3.634980297691543,0.19743546195652173,0.6239442616110165,0.525323275862069,2.418899296236727,2.1747295673076925,3.9784005449018993
1376.0,3.243743974935733,4.878225053999843,3.8804540094339623,5.158453945384936,5.081881009615385,5.075314929272565,-5.642537340487239,3.95329463779429,-5.996266592920354,4.180003118021644,-7.145182291666667,4.602787329766044,-3.7421178585899515,2.6843305096776033,-5.039270648312611,2.6410685605473314,-6.58937101910828,2.7482943916426312,3.051108008555133,3.0294016583348498,5.431798986486487,2.9319054379147285,7.133265904017857,3.2738792571287885,8.018806912251655,3.8203139608521792,7.688078703703703,3.8603393128051637,8.089951534253093,3.9120683791726085,-7.22724481441048,2.924544825741998,-7.479118744389587,6.365949785744592,-7.649976541173794,2.963791872637778,-2.546574519230769,3.347969689011037,-4.0927734375,3.6993443219753246,-6.315104166666667,3.6531972195700138,0.1846976902173913,0.6369664241385016,0.5152209051724138,2.4268394325136833,2.2786458333333335,3.9407380834177568
1408.0,3.360262784090909,4.894366286951587,3.9557594476744184,5.173687440241805,5.300817757009346,5.164919447171923,-5.698939732142857,3.9191796223677833,-6.061921296296297,4.123483742272455,-7.079374549711815,4.49564283171873,-3.750945060483871,2.6820025556783564,-5.036689865757042,2.6108453104452267,-6.612141927083333,2.7614103697845187,3.0795264790076335,3.0518199427325814,5.424724641393443,2.942877586665001,7.122065946348733,3.2566144183866905,8.036266917913732,3.81211499290849,7.673666299220673,3.8511677959018638,8.115456321022727,3.905644755745199,-7.238811770112457,2.923084864463533,-7.311480978260869,2.8763169936644846,-7.654205212093863,2.943552979287221,-2.598505434782609,3.333635591404711,-4.059709821428571,3.6608708440428552,-6.3232421875,3.6244369418849973,0.1846976902173913,0.6369664241385016,0.4950161637931034,2.4475273481375988,2.222140330188679,3.9558851516482627
1440.0,3.4277711339397743,4.896575357191604,3.975613317757009,5.187243696171992,5.324978298611111,5.163194417890387,-5.742008314220183,3.897266723214979,-6.09343998015873,4.10535188059269,-7.1798092245042495,4.464340113142827,-3.764789740755627,2.670162022790818,-5.064831479057592,2.591123998894042,-6.614690875158831,2.7407295977650983,3.101235741444867,3.0542797359643723,5.454761402027027,2.9579456691170543,7.127598353794643,3.2395076084207024,8.040393238336268,3.801670904551529,7.697998245524817,3.840515972864445,8.099724264705882,3.8938846951362973,-7.256717937960156,2.9220959281830576,-7.325788225446429,2.869265925233775,-7.658097550675675,2.9347203883986093,-2.595320991847826,3.330908173495855,-4.1748046875,3.678644017249001,-6.343518273305085,3.6280471417608835,0.1807679521276596,0.6423075431196481,0.525323275862069,2.460363590935436,2.2387234669811322,3.957829212975073
1472.0,3.498800327715356,4.930927761073706,4.023891715116279,5.172917564973841,5.352105034722222,5.178827626839846,-5.82333784168565,3.9317170194048625,-6.128406694049733,4.123884777131603,-7.1835275423728815,4.441951611291766,-3.7849148177496037,2.660864096326743,-5.077097039473684,2.5756849642252497,-6.604912121689786,2.733278144347832,3.0935704022988504,3.057621863118038,5.4391651306970505,2.968323581452798,7.184422174153166,3.2392964838046687,8.057414310079226,3.800124550252667,7.694485443811075,3.8373715390441214,8.113876241721854,3.8764081513988975,-7.252976674252276,2.9114669047387687,-7.309908553507993,2.844601862814523,-7.656777871621622,2.9190182984284667,-2.5889521059782608,3.3395887760970577,-4.08984375,3.6641317805768443,-6.348483845338983,3.607908208806681,0.17832880434782608,0.6432819950215347,0.28250558035714285,2.268600639502029,2.22766804245283,3.9525063514581222
1504.0,3.5693237609102244,4.971069218547419,4.052278037383178,5.1663630065428405,5.346007740825688,5.224861261710445,-5.845224056603773,3.892060918590672,-6.196185904489437,4.06616864921228,-7.2052001953125,4.444161582110856,-3.778545673076923,2.652151134404636,-5.1044955901567945,2.5704152913026124,-6.624945677939317,2.7055321827766527,3.1063633110687023,3.0481136678410934,5.465846706081081,2.961252094128519,7.175787019940916,3.212736544990889,8.060814883822884,3.785084616980712,7.699180390752864,3.82905641831511,8.129605379971592,3.8662754052188113,-7.270320578414476,2.9075455781461463,-7.317714115230906,2.84824888993772,-7.657424680206463,2.897529061447914,-2.6178175403225805,3.341699834765523,-4.181463068181818,3.714249716478536,-6.380208333333333,3.5957644191438445,0.17195991847826086,0.6465288851172317,0.5051185344827587,2.435968968377494,2.34375,4.006893695367316
1536.0,3.6107400092936803,4.956022550960348,4.163666474654378,5.160644232799156,5.350674715909091,5.233819619222305,-5.895334266754518,3.871120260580973,-6.2440245301573425,4.057104756022671,-7.223796033994335,4.413066935000401,-3.78609375,2.6498922218142087,-5.126440941870629,2.5630605160964515,-6.604846298619824,2.7120275777429295,3.100305316091954,3.049467652374161,5.4965021782841825,2.946092085111516,7.198043418141593,3.218665475626062,8.059212782594381,3.778367955794631,7.716272865853658,3.8291699749255175,8.140921208530806,3.8478661459684,-7.285198343211207,2.898033053699504,-7.313339273872679,2.8224699533183504,-7.669690860215054,2.883955321914561,-2.6146673387096775,3.357972843772747,-4.149394132653061,3.6783993868670617,-6.361607142857143,3.559042115685954,0.15922214673913043,0.6672331296922128,0.4849137931034483,2.448995286138233,2.107121394230769,3.8914464705041554
1568.0,3.6170372596153846,4.928815474877124,4.245359088302752,5.138906035431334,5.321377840909091,5.262305372050179,-5.940791783707865,3.8353764312945104,-6.296302532327586,4.016670632741872,-7.255477479050279,4.380428902605555,-3.799730045780255,2.643858734104632,-5.1384571335078535,2.5581037354975873,-6.624514197335025,2.711881624150148,3.1205610795454546,3.061932847581414,5.500429373324397,2.9048961741088055,7.2090932001466275,3.206850251804136,8.105811553861344,3.766131876999485,7.744005543124492,3.8269537472033943,8.19098693502825,3.8260893899193054,-7.288355334051724,2.895422617648367,-7.3340273953744495,2.8141584368064088,-7.677035710303301,2.8580843330451926,-2.5304773351648353,3.3720454199675816,-4.185267857142857,3.6856824257141896,-6.3882084216101696,3.5662295269275015,0.17832880434782608,0.6432819950215347,0.4950161637931034,2.4475273481375988,2.3011363636363638,3.999305896068896
1600.0,3.741013228527607,4.916036596922235,4.325992689220183,5.134770676763628,5.292252006880734,5.305781170421679,-5.988237194548872,3.8143775807878475,-6.35606040232358,4.0448694056528405,-7.261850052521009,4.367284650687554,-3.804388456937799,2.634140123643341,-5.147512335526316,2.55119676071441,-6.63137724905303,2.7082307552572185,3.1354365458015265,3.0539373211764556,5.507180761455525,2.8840340014872328,7.211870851769912,3.1983959953788683,8.098804543963254,3.746280706289784,7.718746813825448,3.79717680790202,8.154250854147032,3.821111223872495,-7.3030402861445785,2.8943883072833656,-7.33767667844523,2.799662646543111,-7.690299131016043,2.855306720174997,-2.494959677419355,3.3763637560610413,-4.183110502577319,3.718497099741695,-6.405587923728813,3.5585395027141344,0.17832880434782608,0.6432819950215347,0.4950161637931034,2.4475273481375988,2.2387234669811322,3.961997461172723
1632.0,3.758803494458128,4.919895359791533,4.375716743119266,5.140238156694359,5.3053977272727275,5.289591063217924,-6.0572382229477615,3.79774607647072,-6.388123394691781,3.9920912973278524,-7.273339023109243,4.353666668206665,-3.80390625,2.635462274076537,-5.1788489856020945,2.540826405968513,-6.625029705323194,2.7138136898655563,3.1689825858778624,3.056005589364002,5.5255634215817695,2.8634439450545845,7.210477941176471,3.193033100657835,8.12360856916521,3.7575702322040807,7.746705495513866,3.8057907806581697,8.218573446327683,3.813455197484628,-7.307229582796392,2.8893048936986894,-7.333486654217926,2.7795202527680836,-7.691737583705357,2.856251163888331,-2.6146673387096775,3.3894973751538044,-4.327815594059406,3.7002037067802105,-6.380760063559322,3.5314762659925933,0.15922214673913043,0.6672331296922128,0.45460668103448276,2.4643558435843635,2.233195754716981,3.951206043578499
1664.0,3.828823404747226,4.913447011973643,4.509343327702703,5.110855493179922,5.313387784090909,5.304624736024798,-6.125809089643653,3.783538758957623,-6.418950286502547,3.978467702452043,-7.288009129213483,4.336533037630941,-3.8197900079617835,2.6189573126134795,-5.19981450389948,2.515435298292594,-6.627775493421052,2.7032795110847294,3.1710849719101124,3.0691478464394493,5.562510388962766,2.841683450967711,7.212899254418262,3.1880584418127613,8.12438645287958,3.728996159127959,7.7599889750608275,3.806691384819911,8.196254250703564,3.8001986898030826,-7.299376003747323,2.8738452754438204,-7.356484030837004,2.7675730365810347,-7.68938709408363,2.865548888939465,-2.5571076766304346,3.384148480534201,-4.32421875,3.700437447746888,-6.420693277310924,3.522772261744974,0.17832880434782608,0.6462402203395505,0.4849137931034483,2.448995286138233,2.233195754716981,3.95162376487657
1696.0,3.8962678956280787,4.943712337077747,4.535688920454546,5.120534650104037,5.297407670454546,5.325019464263527,-6.157128688752784,3.7783331536790814,-6.4098767568143105,3.9558170931673873,-7.3061646533613445,4.292863754841434,-3.8118593252388533,2.620990822435297,-5.206922931109186,2.5034611772747906,-6.612511837121212,2.697079274773012,3.168484669811321,3.0637781534783666,5.58822307180851,2.826216345441674,7.244240419708029,3.190448447743395,8.15453070581193,3.731548178463306,7.7570242858589955,3.7946487290474846,8.21409761235955,3.778371217167788,-7.297333967624357,2.868432137717579,-7.356713523327465,2.7776857225157263,-7.687458664021164,2.8718250414940463,-2.583735039893617,3.373613070097206,-4.3271484375,3.691226575037437,-6.4453125,3.491951874523707,0.17832880434782608,0.6462402203395505,0.4849137931034483,2.448995286138233,2.22766804245283,3.954593829958635
1728.0,3.961307715674362,4.9027667859713855,4.598164237668161,5.098814424022358,5.257310779816514,5.316787913421559,-6.208279992684711,3.750165269821621,-6.47659560381356,3.9298517505833774,-7.3356437151810585,4.252727339063345,-3.8309506657392687,2.60313213573067,-5.228559326592083,2.488818648541987,-6.6567181647940075,2.6961267257416166,3.168484669811321,3.070562074440553,5.5946064505347595,2.8012216675233566,7.231388535610465,3.1685852158272483,8.14465862771739,3.7210025786074783,7.760116429004855,3.7791356708117947,8.23231173637218,3.7855687469168915,-7.309744995741056,2.860236137393716,-7.351998052019315,2.770018782314908,-7.703935339095745,2.8845641727625435,-2.5602921195652173,3.3916002998451296,-4.3447265625,3.6778614819861524,-6.4403886554621845,3.490080160513238,0.17195991847826086,0.6465288851172317,0.4849137931034483,2.446490626305783,2.222140330188679,3.9600554461132753
1760.0,4.057280645405078,4.913654107207479,4.5915954316143495,5.077532498277015,5.297191722972973,5.346343676465262,-6.213253797584187,3.726513049021254,-6.504203177787162,3.8860171983961167,-7.338208830758427,4.215063017436183,-3.833785330414013,2.606389685685542,-5.241778784305318,2.476179712254629,-6.635575937894073,2.6756124005447757,3.1740123820754715,3.0546786984025354,5.623589989973262,2.8140978873449805,7.24057467057101,3.156513026503487,8.151619614882506,3.7115017685200757,7.781240503444084,3.7894371011045647,8.233963815789474,3.753145434937722,-7.308095469816553,2.85935798500965,-7.359108198336252,2.748944631553074,-7.707750913418955,2.85948867002285,-2.544369904891304,3.3955080341178254,-4.3447265625,3.6776257459636676,-6.4453125,3.4771380495661743,0.17195991847826086,0.6435719866691726,0.4849137931034483,2.448995286138233,2.222140330188679,3.9425105659463373
1792.0,4.068110539362981,4.860581081391186,4.712021613436123,5.110738635327521,5.286876433486238,5.361969244284816,-6.189236111111111,3.6841371186845646,-6.469187712224109,3.8146845055952916,-7.359475734240688,4.228025610983437,-3.8411975854531,2.5958205676592043,-5.245751449742268,2.4708955548212077,-6.6639404296875,2.6353839142047777,3.1871448863636362,3.0563951720001183,5.62250664893617,2.785852471189332,7.248641304347826,3.13858761278194,8.010812337547259,3.694229553263007,7.607243390992167,3.760247364118425,8.06915283203125,3.7955674038008036,-7.3090857923652015,4.936094171486341,-7.2773544618372945,2.7278561600895634,-7.658803945202258,2.877716309521926,-2.5272578983516483,3.377734270999072,-4.353515625,3.686800051238058,-6.48193359375,3.4879347280270023,0.17832880434782608,0.6694355835399779,0.4849137931034483,2.448995286138233,2.3328993055555554,4.0048573829060325
1824.0,4.18701171875,4.872325452096377,4.701759540929204,5.095016400767347,5.289564220183486,5.357884274772317,-6.203662001108648,3.6474096408702583,-6.550621539608177,3.7925453970651692,-7.375675017705382,4.135578654117193,-3.819461945564516,2.5972223048301863,-5.179173331809872,2.5098171244527614,-6.484833211143695,2.7138074136650676,2.9296875,3.069667123284108,5.325082632211538,2.901541494246691,6.839174723756906,3.160099123042084,7.975108161833489,3.6707999088761705,7.580220627682404,3.70770833377146,8.017667717889909,3.714833587511839,-7.199353267553668,2.8165198781690792,-7.2831235859728505,2.705887784272026,-7.605207365241636,2.836192572690573,-2.5989163306451615,3.361857215839197,-4.30484693877551,3.6544377997908892,-6.29222972972973,3.5379367562822934,0.16559103260869565,0.6642123392332259,0.4748114224137931,2.457913521324974,1.6143176020408163,3.460320643257843
1856.0,4.192723797505939,4.843520232496291,4.699271065848214,5.144223958092567,5.326704545454546,5.301611149990653,-6.192918722077438,3.6042703910504508,-6.545313840051458,3.7654666639335703,-7.347213390261628,4.141478535727422,-3.7617766680395386,2.5880183022329115,-5.036218143203883,2.5277332546079743,-6.138126895580589,2.6960311497659575,2.4445857558139537,2.93505802242089,4.787041505791506,2.849213869827975,6.119646344866071,2.90898263979901,7.885506074709864,3.670754206860401,7.515364583333334,3.720899588925886,7.917256651738672,3.7184092355227683,-7.164490582191781,2.8318037351638665,-7.249561580036799,2.7059849431336573,-7.604968898104265,2.8733052946088566,-2.5730298913043477,3.357769726667113,-4.1701296542553195,3.6311825482353295,-5.952048788265306,3.4801073478857223,0.17195991847826086,0.6639938123843329,-0.41015625,1.0495207646584315,1.2279753989361701,2.9497687483767505
1888.0,4.227566832049763,4.8191348943852,4.679546097285068,5.210242091787078,5.3932883522727275,5.19601267667437,-6.203646027384501,3.576970137565367,-6.541450777202073,3.750240182067725,-7.343806776889535,4.107642561846698,-3.6792834051724137,2.606353301568695,-4.911033329002079,2.5701984028515956,-5.955915178571429,2.7345478213028613,2.350758821770335,2.9234044976320988,4.6041448744769875,2.870411158668018,5.94672452176781,3.0148412110709457,7.860226386221796,3.6732146454473282,7.4790773416886545,3.7213313714616225,7.882622756071806,3.785902377379216,-7.131861459766163,2.835247046853405,-7.211105472323879,2.701635892322047,-7.57072426994302,2.8810853539123045,-2.536916208791209,3.3558017709076196,-4.059709821428571,3.5853468939599,-5.589192708333333,3.4520195806196963,0.17832880434782608,0.6608327388323281,-0.021701388888888888,1.7368908296815235,1.2030418882978724,2.8926630696803333
1920.0,4.266030058104887,4.810568651749394,4.794270833333333,5.211755155303907,5.531141493055555,5.121527804633805,-6.18284761235955,3.6011728859375127,-6.545176630434782,3.7622818786585603,-7.261866800291545,4.081795880734394,-3.5841705480935877,2.5761583575584135,-4.689982786016949,2.6179558337631073,-5.422280299642218,2.6686606488417564,2.045253537735849,2.67735980383216,4.113542634758364,2.6537022863976296,5.253507653061225,2.7292719504028784,7.666803175403226,3.7845353133932544,7.348483816477768,3.7856259307517997,7.638565486896197,3.890913849935444,-7.031782428441617,2.9129403665684714,-7.13393729875805,2.7684539466567952,-7.4261928210254,2.9949639603420524,-2.478713132022472,3.3415418419585707,-3.9417613636363638,3.5265268208086886,-5.376288231382978,3.3435907877825053,0.15285326086956522,0.6730184515986583,-0.16276041666666666,1.34827666530127,1.291454081632653,2.7825081159281413
1952.0,4.308465224735605,4.773868520163864,4.747130807522124,5.1803354509699,5.435267857142857,5.050563229913725,-6.206375779478458,3.616945936360258,-6.587327860169491,3.770261009872865,-7.359136537063954,4.133714092506522,-3.429955437725632,2.6007911298509914,-4.406224016075388,2.6742582913756308,-5.032906736381323,2.9395943686743577,1.8260770631067962,2.6765768798124236,3.6721254006410255,2.8853581831150374,4.494458575581396,2.999923772196231,7.689537795299562,3.827982262227925,7.393432286970244,3.8294263852691253,7.716099778938907,3.9438348130944907,-7.027743007596685,2.9599994976784427,-7.162314967105263,2.786092620909259,-7.451450892857143,3.0334738171750932,-2.449087078651685,3.279135042055132,-3.339092548076923,3.47972095292034,-4.916487068965517,3.3285125658765398,0.16559103260869565,0.6642123392332259,-0.39438100961538464,1.0577504602198253,1.031494140625,2.5324934722578454
1984.0,4.3225800528789655,4.754720413608696,4.722500691371682,5.193321338367725,5.648099459134615,5.204798405979035,-6.1494758330195785,3.614511071754862,-6.5766775063451774,3.7780317121090374,-7.323374459654179,4.131662103146614,-3.2797505536417324,2.6573986495383672,-4.1764242936117935,2.7800082228466,-4.727536944143167,2.995452952802334,1.665986473880597,2.677360423588787,3.253997093023256,3.0602920303646473,4.186320754716981,3.195928003711711,7.591995018115942,3.9199811923398618,7.233537946428571,3.9471126771229716,7.639292474760893,4.0427659674146055,-6.993869832450484,3.009574194377081,-7.09259463028169,2.865352739249172,-7.396484375,3.0966756347550044,-2.296057412790698,3.2208886984402856,-3.3653846153846154,3.417794533611266,-4.4687005537974684,3.226228746197587,0.16559103260869565,0.669930911453505,-0.32677283653846156,1.0260664839935179,0.993546195652174,2.5737402498225004
2016.0,4.33925412735849,4.745358477583505,4.754908738938053,5.178177341829004,5.6037454044117645,5.129115179397177,-6.113032351011994,3.639301790540278,-6.571013621794871,3.7840745078105664,-7.295007789589443,4.222584196667805,-3.002506322254335,2.6554712049970406,-3.7043167372881354,3.0131425689856854,-3.7966844512195124,3.388656092313171,1.2941823422330097,2.699883122541223,2.437074722782258,3.28876865564092,3.030174365942029,3.450146376153479,7.406664327520306,4.127335591615462,7.1369363395225465,4.09294974068342,7.310139474693251,4.364338422407631,-7.0063765632170725,5.142459338304418,-7.000123776794036,2.9922575201948587,-7.2301487464689265,3.2947040724050707,-2.039794921875,3.14621280625563,-3.083317454268293,3.2944334642094297,-4.036836845930233,3.378053118278059,0.17195991847826086,0.6611150320625419,-0.48828125,1.0373932650075635,0.836181640625,2.406786308382908
2048.0,4.41344355193662,4.748526452466335,4.7365432268722465,5.1711023844463595,5.673452524038462,5.238248812190931,-6.1385726639499625,3.619571555938522,-6.521523965371622,3.7948976144325166,-7.306016549556213,4.1675273623480855,-2.8070634664948453,2.6592886587682356,-3.3061447538860103,3.0990029535010195,-3.5474553076496673,3.535956732223729,1.2356899752475248,2.75375551610323,2.534936179577465,3.501564039626868,2.5954441470994474,3.861994254591363,7.502158567619971,4.096474751493833,7.237162199733096,4.058766814176524,7.4562872023809526,4.3167941645407,-6.933414564220183,3.17924101797841,-7.050097563859981,2.9762811187091396,-7.357300388755981,3.2048857011525147,-1.8880208333333333,2.9370025862934694,-2.68359375,3.325058400246471,-3.3984375,3.3365359686722815,0.17195991847826086,0.663993812384333,-0.47325721153846156,1.045128961551654,0.6981382978723404,2.432471654437312
2080.0,4.4422793582654245,4.7297057665042015,4.769736842105263,5.165573389921986,5.757962740384615,5.242496397459833,-6.0602804728711375,3.6931435726455426,-6.551204819277109,3.8275486822373486,-7.2349412906804735,4.231146868627946,-2.553909595824411,2.6895130862489145,-3.207072805851064,3.18399883004074,-3.191519474637681,3.650402377693543,1.0661204268292683,2.7393421203466897,1.8686311141304348,3.5474691347532006,2.3044597303206995,4.055592178381287,7.35320753166826,4.215074213041506,7.000397764360313,4.243831863120992,7.369784870824635,4.372073396167856,-6.964945141734972,5.18573904198138,-6.953579215116279,3.0933345396304825,-7.196372820452403,3.361199668971943,-1.776123046875,2.8962479517371515,-2.5254647943037973,3.3901589493425037,-3.31496147260274,3.4743112582493456,0.16559103260869565,0.6923330154238809,-0.4619891826923077,1.0809652113729737,0.6991299715909091,2.4259542973932255
2112.0,4.4774083236321305,4.738676458033128,4.857113486842105,5.254891030521628,5.740017361111111,5.235889776300491,-6.054980542010503,3.7023825125159258,-6.554861706689537,3.8206265706026623,-7.191209198813056,4.219917774307804,-2.2064978335084033,2.675817812874173,-2.761639435279188,3.2341351680581294,-2.473073025627615,3.615094975828249,0.9870582651869159,2.657333680028425,1.4996408045977012,3.4170235110648455,1.4716888142523366,3.9562726989389314,7.316710296037019,4.246867218856697,7.030480379816112,4.2219871350687415,7.1817660550458715,4.497469679358397,-6.834031363481616,3.2651248255332606,-6.914441922987974,3.1021703089221617,-7.145075111712136,3.403663266178554,-1.583614864864865,2.9014257501427276,-2.3587740384615383,3.4067380180568594,-2.486379523026316,3.4297765087527625,0.15922214673913043,0.6813762071623798,-0.4774305555555556,1.0120988235200716,0.555419921875,2.4281268045300726
2144.0,4.473526340855803,4.719925429231719,4.770639780405405,5.295966735047572,5.4424579326923075,5.2131548086662765,-6.033276236631016,3.7334892886023496,-6.414527692644484,3.8973034743493247,-7.095772879464286,4.232456162834769,-2.03767302852349,2.688365787308153,-2.388211382113821,3.233620357453534,-2.144451530612245,3.533885856854873,0.972824461722488,2.588986136110469,1.6549102530991735,3.4124609551350957,1.310342817164179,3.9039290340362234,7.089209040051311,4.277257163712349,6.718668279288703,4.277742069369601,7.052802563902743,4.519733271490445,-6.626769060863874,3.3326111388787107,-6.7599119503257326,3.1298538565100325,-6.939656665742794,3.426121341972081,-1.5174278846153846,2.8731133010231473,-2.29296875,3.4524966322844386,-2.0295516304347827,3.2871528579239513,0.146484375,0.6870726210678851,-0.40564903846153844,1.0385382208266523,0.43308423913043476,2.0658293980426494
2176.0,4.436136279585799,4.704099347357284,4.7610828488372094,5.317081930764686,5.417104867788462,5.145954007915706,-5.988593155893536,3.7261513073480668,-6.504837952738516,3.863021986708034,-6.93301418768546,4.157517201849274,-1.8157552083333333,2.619056740446283,-2.392578125,3.2015772197209014,-2.1410322867298577,3.405634495567987,1.0817307692307692,2.619783489511354,1.5335648148148149,3.2490512427454337,1.5202497571243523,3.8713012375900995,6.651831454918033,4.298050176625042,6.171043882978723,4.237437028076689,6.705859375,4.484803972049968,-6.367079293628809,5.5733478719604745,-6.267725278253424,3.157687133467968,-6.512386009786477,3.3926328845610874,-1.2890625,2.8046865442434203,-1.9766119462025316,3.4780102735372593,-2.2206182065217392,3.1972565789981697,0.13374660326086957,0.6952316319149435,-0.4619891826923077,1.0487236229900458,0.6724964488636364,2.446734366663226
2208.0,4.402240953947368,4.685870637908675,4.698555424528302,5.307487899208095,5.134351325757576,5.1259440232688185,-5.941033215256211,3.7568837641363677,-6.4213858325771325,3.911550744234879,-6.979549632352941,4.142719359504479,-1.5719152886771302,2.616835592278515,-2.063853346456693,3.1537318169772384,-1.7036290322580645,3.148506322473609,1.0512408088235294,2.529447388537483,1.574847341954023,3.1691083827029614,1.3214182134570767,3.5647263502639523,6.358744159908322,4.431099718790135,5.984822751976284,4.319394938403606,6.26745407127031,4.68131320890825,-6.157146516393443,3.447605537913073,-6.1750302486648865,3.1893256625964956,-6.253162955465587,3.51785532484877,-1.1007254464285714,2.6774182413969565,-1.8773129111842106,3.371111051376975,-1.5401785714285714,2.9763127967228735,0.146484375,0.689843086423803,-0.390625,1.0625458444224414,0.41397758152173914,2.1815419059858057
2240.0,4.377588478915663,4.6594669048324695,4.554834905660377,5.198487431656729,5.314867424242424,5.122468673733274,-5.860056322674419,3.771240885168393,-6.292865044247788,3.9631120984639456,-6.7965220256024095,4.178690868254838,-1.4486754966887416,2.5477752162500766,-1.9879481589147288,3.078220418817973,-1.6349117772108843,3.0051989250984263,1.029349662162162,2.4829098695700145,1.5115319970119523,3.1654524669393735,1.5141413762019231,3.541947215936114,6.0104255961658355,4.279953772377283,5.551112057714617,4.177118310443566,6.05559412301061,4.488482679425689,-5.823699231902357,5.628942836032923,-5.720803946578632,3.0910199373565668,-5.844638847305389,3.407885458514235,-0.9390024038461539,2.6383496437361575,-1.845703125,3.33853577194387,-1.468802787162162,2.90368378969977,0.13374660326086957,0.7141777810002844,-0.3689236111111111,1.0979718341960785,0.5604619565217391,2.2421212211837114
2272.0,4.394882110778443,4.6391580837486766,4.525198063380282,5.150731469973026,5.119842233009709,5.064382275515495,-5.763851647815913,3.8024904884562867,-6.235973011363637,3.943220119203226,-6.769543159298781,4.190112027133074,-1.3199412796976242,2.504377737072813,-1.8085331879844961,2.9940781719770095,-1.3792438271604939,2.7782791926123265,0.9748340707964602,2.4221718813362023,1.432637965425532,2.990751390055939,1.4497493413348945,3.406559092602114,5.468443097894406,4.439566977258787,4.990475927561837,4.292795439652203,5.535628947805851,4.656293805838201,-5.414334866656734,3.5854006238270997,-5.305475394896719,3.3570421615140393,-5.486539609872612,3.6193442466724606,-0.9213096217105263,2.5641952998525435,-1.9114424542682926,3.2711930483354155,-1.3875325520833333,2.8113448467629705,0.12737771739130435,0.7113563699759067,-0.40564903846153844,1.0806597763095531,0.5729166666666666,2.1985574643098404
2304.0,4.402620423169267,4.644101671719339,4.425819174757281,5.122476015788603,4.931640625,5.1569625143173985,-5.714400773195877,3.8260034537400336,-6.209712155418251,3.9822167621409426,-6.661330597310126,4.23160912259632,-1.1479334677419355,2.3902062064207383,-1.6124295112781954,2.889804308586698,-1.2325852542775666,2.667645159970982,0.9004667207792207,2.3857075425578964,1.3618547354948805,2.9259121822537475,1.3471710015527951,3.1831288031219,5.469850352112676,4.662384803950763,5.042269901535381,4.51366383715767,5.480521065848214,4.928500444066643,-5.341853107005758,3.694000240948257,-5.306381777108434,3.4707743131550775,-5.366990546218488,3.7679541506729617,-0.5859375,2.324067331068958,-1.6741071428571428,3.077404131882743,-1.2451171875,2.7245043662560073,0.11220079787234043,0.6979930954045074,-0.42818509615384615,1.032417117092634,0.531005859375,2.118373641911649
2336.0,4.378666516245487,4.639565456437042,4.23008181014151,4.974306747624723,5.022752899484536,5.094061220184524,-5.574570188097134,3.8911543612602157,-5.958863449812383,4.0531607801034415,-6.42974853515625,4.325074917535668,-1.0634827563424947,2.3393332176185098,-1.5142601656626506,2.7885126451508646,-1.1222285265363128,2.551268963885825,0.8775745738636364,2.3677895675405862,1.4200122330960854,2.993161100263298,1.2571241034836065,3.1063585140590084,4.630058677781192,4.814825497963256,4.213006855309218,4.624421759215724,4.804843958611482,5.044200767126012,-4.626711597057075,3.981277884439438,-4.554654436215236,3.7795209195657846,-4.626017304045512,4.025133656930587,-0.54931640625,2.2403416795452062,-1.655083198051948,3.0075862110050187,-1.1830003955696202,2.6983658099826853,0.12100883152173914,0.7003419502912887,-0.4340277777777778,1.04806354148935,0.5390625,2.075285229331994
2368.0,4.33516001960193,4.669397246644396,4.474306778169014,5.076130819123529,4.545282160194175,5.181500477205705,-5.504303339243499,3.9000045972066264,-5.974429777298851,4.079138785877273,-6.331327873794212,4.344279303133399,-0.9162271098726115,2.205927768302195,-1.301513671875,2.674936351993296,-1.0205437155330883,2.5493298174916967,0.7768903459821429,2.26192261933949,1.314400337837838,2.9525366563766444,1.1538646260245902,3.0885339883988117,4.387713738207547,5.049633454095566,3.9132254464285716,4.822703095136983,4.452099806527591,5.2370893847553495,-4.523358221863469,4.134248580754445,-4.43138500635324,3.94149898876698,-4.39921875,4.226418845802766,-0.4597981770833333,2.126217869999122,-1.4573317307692308,2.8353211039645965,-1.14990234375,2.6397147239395027,0.11220079787234043,0.7033192016152855,-0.4619891826923077,1.077784455779769,0.531005859375,2.1235397582999154
2400.0,4.33078010391198,4.702684885709335,4.493126502403846,5.121721592802441,4.681521045918367,5.254270700053102,-5.396470233306516,3.959167170312332,-5.904447115384615,4.141320093350607,-6.219144442182411,4.432094080936778,-0.9020513903326404,2.1649230149981635,-1.2619158543577982,2.592108574931797,-0.9147590690559441,2.440564318549292,0.7833456276824035,2.2458273821263783,1.192112972861842,2.88671048145058,1.0303844105113635,3.0236282349989496,4.569242837221095,5.14049641273291,4.089465725806452,4.927447231632586,4.697181438577586,5.338864583869132,-4.4002721041403285,4.215893728833941,-4.384932011795544,4.0192302742936805,-4.27013096473029,4.307629575243669,-0.3138950892857143,1.9903393089961676,-1.515625,2.8831448682961733,-0.9440104166666666,2.428726840456077,0.11319247159090909,0.7401236837935262,-0.45072115384615385,1.0843193187045344,0.5390625,2.085389245193814
2432.0,4.328569423652695,4.685893400734543,4.305834288990826,5.112574537065596,4.6318359375,5.277003049393209,-5.244774959903769,3.993388718900122,-5.593141040874524,4.283810160943048,-5.974898955047319,4.557217530648747,-0.833019578313253,2.1094283439918837,-1.1074091094771241,2.5140619239731286,-0.8365669123754153,2.3777008554064327,0.7186498397435898,2.2062778652332526,1.1149606886942676,2.799652771711902,0.8838072142193308,2.977333018248678,3.7618143575174825,5.20318783547145,3.3821285774410774,4.953606990406676,3.9500269396551726,5.3740828379114225,-3.861385470639033,4.343736577906315,-3.6963856955762515,4.157773457389585,-3.66513517618469,4.404258336096599,-0.23932658450704225,1.9391090801055204,-1.329077743902439,2.7301846309541555,-1.0611185213414633,2.4600590586884676,0.08544921875,0.7326296247914423,-0.439453125,1.0411579161275701,0.5112591911764706,2.0780908783410563
2464.0,4.261458642984542,4.670887392220412,4.3509265988372094,5.165288344534398,4.386239681603773,5.293929917419492,-5.10765081851253,4.050296636542993,-5.531871623280943,4.274096494662462,-5.796259545819936,4.649441661411794,-0.7712236909650924,2.0655063161023772,-1.0208734856828194,2.4743633374826173,-0.769927536231884,2.2404424797299938,0.6856984105603449,2.1813418818839905,0.9813999613003096,2.637500465017409,0.8498781536697247,2.9494032699810746,3.814639685288915,5.178206732856411,3.5095566024165707,4.943518270773848,3.880439961880559,5.348257646552718,-3.8756439651268115,4.2876401293867445,-3.684659090909091,4.144276696905022,-3.663963607594937,4.397654995640946,-0.21306818181818182,1.9425422117264808,-1.1789344879518073,2.7257178297941156,-0.9616268382352942,2.405120314654923,0.09553328804347826,0.7565790840006855,-0.4557291666666667,1.0573550667014968,0.568359375,2.0913025898924413
2496.0,4.247696433911483,4.582704014332769,4.432508680555555,5.094012235136756,4.588876856435643,5.265501389670829,-5.013100228658536,4.054103550212778,-5.446898205445544,4.250531017500619,-5.698777512458472,4.6814704719345785,-0.7381216561284046,2.025551381910182,-0.9548836229253111,2.4265900103052895,-0.7614423643867925,2.2571654905325538,0.6053877074688797,2.1238498177404246,1.0091145833333333,2.6323311501304087,0.7399140211640212,2.890169875117491,3.553733116827254,4.988108845575169,3.2609886098130842,4.730911103051972,3.633074469076006,5.156696681765991,-3.548241415513834,4.195922874448479,-3.514400896587744,3.940245811080481,-3.321920010288066,4.285451243716586,-0.1220703125,1.8514285203186205,-1.2093477470930232,2.72311595976488,-0.970679593373494,2.4236371943190314,0.09553328804347826,0.7740250585134123,-0.439453125,1.000678785738242,0.568359375,2.0988273304766385
2528.0,4.183805534638554,4.52118581208,4.326923076923077,5.013464557924578,4.424124053030303,5.201110171914965,-4.8235902691831685,4.097201026070401,-5.122669956140351,4.320554645346014,-5.454799107142857,4.65581293438265,-0.6732166152751423,1.976645749726005,-0.9378646913900415,2.431618215539686,-0.7764790076335878,2.2455172841962026,0.5932923640167364,2.0999447073748203,0.9780789013975155,2.599395025540032,0.7290633267195767,2.8495966651545284,2.919482762032932,4.55576398991145,2.604524381868132,4.266822098094926,2.928456538865546,4.6260143483052305,-3.098181522253788,3.908420551849416,-2.881293678526048,3.71219074374366,-2.800470819536424,3.999008666097679,-0.125,1.9121520517850832,-1.0809536637931034,2.729455037628574,-0.8456143465909091,2.2682094214480637,0.09553328804347826,0.7740250585134125,-0.42898995535714285,1.0471924041027383,0.5744485294117647,2.0872544432091242
2560.0,4.162889690490431,4.458730249864903,4.3102525684931505,4.919416849681671,4.216333762886598,5.1742649435770405,-4.737744019262634,4.113669238375679,-5.102244917168675,4.309691734717067,-5.401737607758621,4.757288637228987,-0.6798232384169884,1.975144608219709,-0.9159685617469879,2.4081864633453396,-0.7931271114864865,2.2714837267592634,0.62255859375,2.1133780237708444,0.9654850746268657,2.552721082076845,0.7769171288395904,2.8602288755700425,2.5920526897089395,4.345733279717671,2.3846565408909575,4.079494798821823,2.655271999263623,4.455613994071338,-2.8479520165416097,3.807639062211487,-3.17879142342033,10.775818214426145,-2.5686636862606234,3.8083844255513464,-0.1891317246835443,1.9405231080134415,-1.1159146769662922,2.7085664233762436,-0.9271599264705882,2.437712213196212,0.08916440217391304,0.7735695841322648,-0.4040948275862069,1.037024818216388,0.244140625,1.2839144057839893
2592.0,4.174981174698795,4.390345878726731,4.365885416666667,4.883268672887632,4.40625,4.993059369554675,-4.6277592271615005,4.127624988985164,-4.921757577655311,4.329971783984247,-5.157470703125,4.785582865119151,-0.6423810206422018,1.9540534820765214,-0.8461027992277992,2.379862872458043,-0.7941771582733813,2.2374624111214723,0.5654978197674418,2.0739175885771646,0.9398708453757225,2.5402225483983543,0.7038213603565365,2.761104362600702,2.8085041228489485,4.251090335970772,2.406793908227848,3.9026105775504294,2.7382425742574257,4.3080315236100475,-2.7568177406832297,3.6163261118932937,-2.561175760798429,3.3933514416762267,-2.5359163579252577,3.672186981687831,-0.16276041666666666,1.9544312313362857,-1.0160405585106382,2.68740558192026,-0.7610452586206896,2.1623358106649593,0.09553328804347826,0.7740250585134124,-0.4040948275862069,1.037024818216388,0.22265625,1.359484266148723
2624.0,4.141801581325301,4.385844831330366,4.255894252232143,4.852187070973242,4.21875,4.9181956620967835,-4.430703188879804,4.165658956576382,-4.588287475099602,4.344412112729086,-4.747353830645161,4.6756739507241925,-0.6520917338709677,1.947356759913354,-0.8374484080188679,2.3448015576509706,-0.7357510653409091,2.2110625218150295,0.5409541092519685,2.0484649603385328,0.9209947183098591,2.5198119065643683,0.7198106374172185,2.7350485368113455,2.2705078125,3.9103418256950957,1.9654017857142858,3.536550517567018,2.2168737696850394,3.9456396857684966,-2.3809189856373427,3.4939297097429804,-2.1421370967741935,3.2020355201076063,-2.032970494727047,3.3529424554682263,-0.15575553797468356,1.866998733120927,-0.9630568484042553,2.666000857238188,-0.6291118421052632,1.97038355299747,0.09553328804347826,0.7764853433725047,-0.4040948275862069,1.037024818216388,0.22403492647058823,1.1887287597117775
2656.0,4.10942513856476,4.3471173422663165,4.453125,4.821444011845161,4.008061835106383,4.9340580959178375,-4.389282624185668,4.173647701816159,-4.557226169517103,4.312023309780131,-4.572860054347826,4.696272169553374,-0.6242201678765881,1.948250864463813,-0.8427715844402277,2.347818752124615,-0.7398976293103449,2.2080777322383573,0.5363404281496063,2.03839652592656,0.935894691780822,2.5335189208656788,0.6683643991157556,2.658351412735739,2.196339680783818,3.9878733232027,1.7286250778331258,3.4698478588022397,2.0695664222373806,3.925841976411024,-2.36053748844732,5.975252630545018,-1.9240123820754718,3.0867074848922713,-1.8150592672413792,3.289585587128965,-0.12451171875,1.7828364921890925,-1.0458984375,2.719832154159432,-0.6476151315789473,1.8621849589769468,0.08279551630434782,0.7631273121298386,-0.4040948275862069,1.037024818216388,0.111328125,0.9741699805876821
2688.0,4.034836521352313,4.367753911248089,4.315655048076923,4.726787065218571,4.068339239690721,4.913758677321096,-4.206211223555736,4.1893235654512635,-4.3763671875,4.3233860451615405,-4.188603940217392,4.701715317681192,-0.6430895760105448,1.9404301927897545,-0.8620876736111112,2.3767156392412496,-0.6988941161444142,2.1648015541473815,0.5043658088235294,1.965399980169494,0.9083623471467391,2.518322396205936,0.6450857649842271,2.6022744280400003,1.9861761129127358,3.849619266386406,1.6184986888111887,3.388167338863187,1.896425499672346,3.826594831468927,-2.06023740096831,3.43448805930703,-1.7671817343173433,3.077342848684053,-1.6781104425465838,3.194933233155103,-0.11564555921052631,1.8167709735695958,-1.061264349489796,2.7580978360506823,-0.5980186855670103,1.8475417534867424,0.09553328804347826,0.7715569285160147,-0.41419719827586204,1.031403492131685,0.1171875,1.0079459747873014
2720.0,4.062848772321429,4.398223318489979,4.180014382845188,4.692146956990303,4.063091856060606,4.91740413980864,-4.071720897332256,4.196090713986547,-4.127772427932405,4.330036217417794,-3.884470548561151,4.638103762733992,-0.6100101070804196,1.922459654716702,-0.8433466372282609,2.3839760433872454,-0.6883000753012049,2.1611344027213097,0.5023956298828125,1.98753440511733,0.8917839972527473,2.4928226393029638,0.6484557535046729,2.578143821997302,1.7210023128227194,3.8132836125811447,1.359553135179153,3.3214243265286663,1.6249156210292248,3.749021696347803,-1.8218630217206133,3.4109079025909734,-1.4963678728070176,2.9934888001335853,-1.4267822556615017,3.1240667653933034,-0.05933544303797468,1.7271079785856567,-1.041344368811881,2.7280646083556914,-0.510519801980198,1.667943660395158,0.08916440217391304,0.7710999962579044,-0.4040948275862069,1.037024818216388,0.06893382352941177,0.9349114078526842
2752.0,3.9523400992990654,4.402370169893184,4.320047669491525,4.684723211472963,4.1015625,5.083193083949392,-4.007991628117458,4.1774736988935235,-4.0427380659448815,4.332622192126484,-3.8148271276595747,4.65598175138338,-0.6072627816291161,1.909647259742606,-0.8926309121621622,2.4358332638834352,-0.689292523209549,2.1615416700545547,0.5126953125,1.9788630422903104,0.8597995923913043,2.462216068572808,0.6367907546082949,2.5616153243319792,1.6584278207964602,3.794705833506001,1.3247140920467186,3.3573158324727395,1.5730742436305734,3.7807366805233418,-1.7203628747171946,3.3744518513473714,-1.400279546800948,2.9347051927465064,-1.3162261074029127,3.090482855425563,-0.07145579268292683,1.7197613913420748,-0.9601253094059405,2.625339642556597,-0.4599609375,1.628390849182569,0.08279551630434782,0.7631273121298386,-0.3939924568965517,1.0187199174819817,0.029296875,0.9908571932269851
2784.0,3.90080574912892,4.408382317021936,4.1538349325726145,4.6958592380891275,3.684303977272727,4.8747305999092925,-3.786416832669323,4.167300830582515,-3.8917824074074074,4.3628410931319745,-3.4598697015570936,4.638496246931312,-0.5414734401349073,1.8456190972684354,-0.8970226921378092,2.4291399583591304,-0.6889135457198443,2.158243330462452,0.5090190637065637,1.9903687003096417,0.8973168545081968,2.458889624092628,0.6376908122119815,2.5751701894122707,1.4283437844542448,3.733538938409726,1.1453536184210527,3.265136054121223,1.3806371631736527,3.7161801572920212,-1.5280180187565582,5.525327983942513,-1.2000576761744965,2.8680458629682373,-1.1239286470090293,3.010170809322912,-0.02143673780487805,1.7081505206566292,-0.8937026515151515,2.5383481305155366,-0.439453125,1.5432411601272271,0.08279551630434782,0.7631273121298386,-0.4040948275862069,1.0161225956342332,0.052734375,0.9720098759732624
2816.0,3.9042154947916665,4.405798290958514,4.139984631147541,4.641832853252874,3.4306640625,4.8956321414261295,-3.7259854050833994,4.145252666179905,-3.709371868737475,4.3563572327286915,-3.3825476694915255,4.612636478297743,-0.5259438993174061,1.824708116589127,-0.8564877717391305,2.3935160931729946,-0.698210685483871,2.162153901970572,0.5028735632183908,1.9832707032967085,0.9677318816489362,2.4992111260030674,0.6142458301380368,2.5122195139863517,1.3988470262096775,3.710019127921137,1.0831235752279635,3.2173903613099397,1.382867842384888,3.7333521334967754,-1.3989754499217528,3.2177045187479316,-1.129163573164147,2.754518039857899,-1.0716318294701987,2.962810148982834,0.12451171875,1.5038384204815067,-0.966796875,2.599631319382654,-0.46272634345794394,1.5376778240448887,0.07642663043478261,0.7650537534508,-0.4040948275862069,1.0161225956342332,0.011488970588235295,0.9977481395392548
2848.0,3.800953975340136,4.3807135052197035,4.239501953125,4.6043963618193935,3.4135797050561796,4.78472389121871,-3.5889836297694755,4.135682879211553,-3.522504892367906,4.3186174053538915,-3.2741783405172415,4.624672012558795,-0.5279386104060914,1.8155345654679191,-0.8393706747404844,2.37957289206252,-0.6665606831395349,2.135430083649814,0.4298383204633205,1.8855089652359207,0.9177615218832891,2.4273527444359306,0.613542458206687,2.536029075105528,1.448084261551155,3.713065831169818,1.1387488654045643,3.2122359469981454,1.4166558030393326,3.728928758859414,-1.377890256292606,3.177357201696265,-1.1209943653207965,2.733930019654645,-0.9830512873754153,2.861413172478382,0.08719308035714286,1.556090506076522,-0.9282178217821783,2.5496931812369885,-0.4058557912844037,1.5096806928784707,0.07642663043478261,0.7650537534508,-0.42429956896551724,1.0256483061603012,0.064453125,0.9567525983079539
2880.0,3.7976818213882617,4.351492668821136,4.098004175101215,4.584657623224808,3.146484375,4.811917860904192,-3.459373163205329,4.126205826742098,-3.4456184111445785,4.356593272349951,-3.0506745947098977,4.575773161449283,-0.47416622899159666,1.7561017229475957,-0.8263881260984183,2.3754410755122057,-0.6920254107603093,2.1394354545971885,0.45348419540229884,1.9165354810542596,0.893829591152815,2.393238555824277,0.6042760019083969,2.5219936841544413,1.3969134628110111,3.627261794962779,1.1143380511022045,3.15263376109015,1.3843876738122827,3.6801246391542755,-1.3174697937753037,3.089270061432361,-1.0875402792696025,2.680852170213491,-0.9703024839743589,2.826391273279891,0.11374080882352941,1.4836227353187954,-0.8934096534653465,2.5278216521109393,-0.4096137152777778,1.513559013102233,0.10416666666666667,0.7653862575646503,-0.4040948275862069,1.0161225956342332,0.05859375,0.9743677505711063
2912.0,3.809263392857143,4.343100378692991,4.1110899390243905,4.5739344580529195,3.0605279126213594,4.68942547112054,-3.3672893216824646,4.101251897088815,-3.23741824127907,4.304518249059812,-3.087670648464164,4.57390240880882,-0.47966930116472545,1.7831396870772167,-0.7941923945783133,2.315208176002749,-0.6742754055343512,2.119745909021665,0.44780774714828897,1.901200907797485,0.8488986691374663,2.338999677047131,0.5420369839449541,2.393672291566333,1.3873991419057377,3.5521601062838086,1.0977128623188406,3.084891336512465,1.3702426675977655,3.6094842536558507,-1.2854150978915662,3.054493404986879,-1.0843283084311632,2.6706579031541664,-0.9690504807692307,2.8309424004613812,0.13967114825581395,1.4448731118733837,-0.895972390776699,2.513467275530208,-0.40118243243243246,1.491724906225933,0.07642663043478261,0.7650537534508,-0.41419719827586204,1.0343712713740878,0.09191176470588236,0.9689964256074804
2944.0,3.7481709866220734,4.344512146003639,4.089555584016393,4.58108519949004,3.182139295212766,4.76455866601231,-3.258423041407465,4.1258679012820725,-3.1401699029126213,4.306483873460689,-2.94875053510274,4.585324908930721,-0.46141371499176276,1.7587927926585532,-0.7586880387931034,2.271818128216133,-0.6502933429118773,2.102895663369443,0.4299845532319392,1.9034343989559679,0.8664725629973474,2.365433450129979,0.6039663461538461,2.477970506322614,1.355262314007183,3.499044536402301,1.0984911448259187,3.0476227208343887,1.362047697368421,3.5658063721498197,-1.2388518477988995,3.0035708490418997,-1.0937298854273945,2.6604706940146614,-0.9086944772012578,2.7113576618140045,0.1152124297752809,1.4274920809064708,-0.901661104368932,2.501676553909367,-0.39926714601769914,1.4794517571060566,0.08279551630434782,0.7631273121298386,-0.41419719827586204,1.0343712713740878,0.076171875,0.975822822551735
2976.0,3.773724276974416,4.337417970561856,3.943718112244898,4.612337512108058,2.7571918808411215,4.574186151629748,-3.2100068668080186,4.117915595720149,-3.0699744591346154,4.245204360843602,-2.7898615056818183,4.505664233738115,-0.4727777209492635,1.757125751046409,-0.7853190104166666,2.293639609106518,-0.6739026717557252,2.134436875475648,0.4271529103053435,1.877320545508747,0.8704920039164491,2.386908914510853,0.5801050440275651,2.3887225384902835,1.329405264292755,3.430915047541362,1.1033992609990835,3.0214546424816344,1.3177399907505285,3.4815709696441153,-1.1978698291366907,2.944457457195872,-1.0528292244796829,2.6074172933645676,-0.9017157482305359,2.6861866601898723,0.10862886235955056,1.4211675084001418,-0.9287109375,2.513686774828695,-0.46926852876106195,1.5934125188776256,0.07005774456521739,0.7768056756234961,-0.4040948275862069,1.0161225956342332,0.09949882075471699,0.9630393617855618
3008.0,0.7541232638888888,1.9891301596491788,0.128173828125,1.9343888930898752,-0.8056640625,4.019655097855149,-1.3884171195652173,2.8659420284263626,-0.41947798295454547,2.080637240425063,-0.4934210526315789,1.2584122134996605,0.0732421875,1.2183926998925494,-0.78125,1.9642540074551387,-0.022536057692307692,1.3017702949027166,0.18028846153846154,2.369664055211793,1.2555803571428572,3.4570076043380196,0.8161272321428571,1.6934528363476609,0.5859375,2.050996974110417,0.27099609375,1.060239086566076,0.3315172697368421,1.0923114223692878,-0.8515625,1.9958481867846871,-0.52734375,1.7372734725512844,-0.21763392857142858,0.8081054997409646,,,0.146484375,0.7751224544134543,0.29296875,0.5074367600299445,0.0732421875,0.500339392869121,0.29296875,,-0.5859375,
3040.0,,,7.32421875,4.143203796014927,5.859375,,-0.5859375,,,,,,,,,,,,,,,,10.546875,,8.7890625,,,,,,-6.4453125,,-4.39453125,,,,,,,,,,,,,,,
3072.0,,,,,,,,,,,,,,,,,,,,,,,,,,,,,,,,,1.171875,,-5.2734375,,,,,,,,,,,,,
